"Reference Area","Time Period","Sex","Age group","Units of measurement","Observation Value"
"Afghanistan","2005","Not applicable","Not applicable","Number","0.757956337486362"
"Afghanistan","1996","Not applicable","Not applicable","Number","0.632152143006301"
"Albania","2004","Not applicable","Not applicable","Number","6.69984258560325"
"Albania","2003","Not applicable","Not applicable","Number","6.09955762155776"
"Albania","2002","Not applicable","Not applicable","Number","5.81085474122165"
"Albania","2001","Not applicable","Not applicable","Number","5.18583773643369"
"Albania","2000","Not applicable","Not applicable","Number","5.19469387993634"
"Albania","1996","Not applicable","Not applicable","Number","1.60152054766878"
"Algeria","2004","Not applicable","Not applicable","Number","0.525246157384079"
"Algeria","2003","Not applicable","Not applicable","Number","0.501800743329986"
"Algeria","2002","Not applicable","Not applicable","Number","0.477494916509536"
"Algeria","2001","Not applicable","Not applicable","Number","0.452280878313959"
"Algeria","1998","Not applicable","Not applicable","Number","0.809541171290715"
"Algeria","1997","Not applicable","Not applicable","Number","0.616107219633393"
"Algeria","1996","Not applicable","Not applicable","Number","0.173853244009391"
"Andorra","1999","Not applicable","Not applicable","Number","30.3163511239787"
"Angola","2004","Not applicable","Not applicable","Number","0.0639569472530427"
"Angola","2003","Not applicable","Not applicable","Number","0.0658757188687822"
"Angola","2002","Not applicable","Not applicable","Number","0.0678557343659709"
"Angola","2001","Not applicable","Not applicable","Number","0.0698419177082017"
"Angola","2000","Not applicable","Not applicable","Number","0.0717874780527733"
"Angola","1998","Not applicable","Not applicable","Number","0.377156420118761"
"Angola","1997","Not applicable","Not applicable","Number","0.386022645014811"
"Angola","1996","Not applicable","Not applicable","Number","0.395444479595065"
"Anguilla","2004","Not applicable","Not applicable","Number","0"
"Anguilla","2003","Not applicable","Not applicable","Number","0"
"Anguilla","2002","Not applicable","Not applicable","Number","0"
"Anguilla","2001","Not applicable","Not applicable","Number","0"
"Anguilla","2000","Not applicable","Not applicable","Number","0"
"Antigua and Barbuda","2004","Not applicable","Not applicable","Number","24.6105382324711"
"Antigua and Barbuda","2003","Not applicable","Not applicable","Number","25.0686253619283"
"Antigua and Barbuda","2002","Not applicable","Not applicable","Number","25.5359354451552"
"Antigua and Barbuda","2001","Not applicable","Not applicable","Number","26.0125380433369"
"Argentina","2004","Not applicable","Not applicable","Number","4.79522199910251"
"Argentina","2003","Not applicable","Not applicable","Number","4.78882568048292"
"Argentina","2002","Not applicable","Not applicable","Number","3.26761148280118"
"Argentina","2001","Not applicable","Not applicable","Number","3.05839949447339"
"Argentina","2000","Not applicable","Not applicable","Number","2.95427284341335"
"Argentina","1999","Not applicable","Not applicable","Number","2.7941779740703"
"Argentina","1998","Not applicable","Not applicable","Number","2.76993225244298"
"Argentina","1997","Not applicable","Not applicable","Number","2.83003329968489"
"Argentina","1996","Not applicable","Not applicable","Number","5.13244442987574"
"Armenia","2004","Not applicable","Not applicable","Number","1.65186594777461"
"Armenia","2003","Not applicable","Not applicable","Number","2.30443570953575"
"Armenia","2002","Not applicable","Not applicable","Number","1.96711250178679"
"Armenia","2001","Not applicable","Not applicable","Number","1.95770380920219"
"Armenia","2000","Not applicable","Not applicable","Number","1.94678780012979"
"Armenia","1999","Not applicable","Not applicable","Number","2.25807107181924"
"Armenia","1998","Not applicable","Not applicable","Number","2.24437239652802"
"Armenia","1997","Not applicable","Not applicable","Number","2.54533155966146"
"Armenia","1996","Not applicable","Not applicable","Number","3.4612876997163"
"Aruba","2004","Not applicable","Not applicable","Number","90.8081929169609"
"Aruba","2003","Not applicable","Not applicable","Number","83.2431532506451"
"Aruba","2002","Not applicable","Not applicable","Number","85.1408016006471"
"Aruba","2001","Not applicable","Not applicable","Number","86.3576502083378"
"Aruba","2000","Not applicable","Not applicable","Number","87.8493383846703"
"Aruba","1996","Not applicable","Not applicable","Number","150.01500150015"
"Australia","2004","Not applicable","Not applicable","Number","2.44013052606774"
"Australia","2003","Not applicable","Not applicable","Number","2.46927354425868"
"Australia","2002","Not applicable","Not applicable","Number","2.55051603060538"
"Australia","2001","Not applicable","Not applicable","Number","2.633298472248"
"Australia","2000","Not applicable","Not applicable","Number","2.56025280667714"
"Australia","1999","Not applicable","Not applicable","Number","2.53698166095238"
"Australia","1998","Not applicable","Not applicable","Number","2.56554760330819"
"Australia","1997","Not applicable","Not applicable","Number","2.64835332146475"
"Australia","1996","Not applicable","Not applicable","Number","3.5536390931791"
"Austria","2004","Not applicable","Not applicable","Number","2.05976193271582"
"Austria","2003","Not applicable","Not applicable","Number","1.94834783756527"
"Austria","2002","Not applicable","Not applicable","Number","1.83559347918878"
"Austria","2001","Not applicable","Not applicable","Number","1.84338864973993"
"Austria","2000","Not applicable","Not applicable","Number","1.97253053970408"
"Austria","1999","Not applicable","Not applicable","Number","2.09952644563511"
"Austria","1998","Not applicable","Not applicable","Number","2.10084293233185"
"Austria","1997","Not applicable","Not applicable","Number","2.10175849187701"
"Austria","1996","Not applicable","Not applicable","Number","2.10507024743243"
"Azerbaijan","2003","Not applicable","Not applicable","Number","2.90340937685092"
"Azerbaijan","2002","Not applicable","Not applicable","Number","2.67348648765244"
"Azerbaijan","2001","Not applicable","Not applicable","Number","2.6864441053555"
"Azerbaijan","1999","Not applicable","Not applicable","Number","1.85418423248701"
"Azerbaijan","1998","Not applicable","Not applicable","Number","1.74353974934374"
"Azerbaijan","1996","Not applicable","Not applicable","Number","0.761254771164278"
"Bahamas","2004","Not applicable","Not applicable","Number","12.5261875608694"
"Bahamas","2003","Not applicable","Not applicable","Number","12.6830320056313"
"Bahamas","2002","Not applicable","Not applicable","Number","12.8453801590258"
"Bahamas","2001","Not applicable","Not applicable","Number","13.0151984980461"
"Bahamas","2000","Not applicable","Not applicable","Number","13.1947880587168"
"Bahamas","1996","Not applicable","Not applicable","Number","10.5185652676975"
"Bahrain","2004","Not applicable","Not applicable","Number","8.44839579044599"
"Bahrain","2003","Not applicable","Not applicable","Number","8.63070921414516"
"Bahrain","2002","Not applicable","Not applicable","Number","8.82364619531729"
"Bahrain","2001","Not applicable","Not applicable","Number","9.02410338012832"
"Bahrain","1996","Not applicable","Not applicable","Number","6.74541943861247"
"Bangladesh","2004","Not applicable","Not applicable","Number","0.132865420296904"
"Bangladesh","2003","Not applicable","Not applicable","Number","0.135371830035929"
"Bangladesh","2002","Not applicable","Not applicable","Number","0.137985110371703"
"Bangladesh","2001","Not applicable","Not applicable","Number","0.140679999285346"
"Bangladesh","1996","Not applicable","Not applicable","Number","0.286997906567459"
"Barbados","2004","Not applicable","Not applicable","Number","6.8751912162557"
"Barbados","2003","Not applicable","Not applicable","Number","6.90043024182558"
"Barbados","2002","Not applicable","Not applicable","Number","6.92688671076785"
"Barbados","2001","Not applicable","Not applicable","Number","6.95412710058102"
"Barbados","2000","Not applicable","Not applicable","Number","6.98233817558486"
"Barbados","1996","Not applicable","Not applicable","Number","7.10807833102321"
"Belarus","2004","Not applicable","Not applicable","Number","1.32008898212102"
"Belarus","2003","Not applicable","Not applicable","Number","2.12132718714136"
"Belarus","2002","Not applicable","Not applicable","Number","1.50746072461828"
"Belarus","2001","Not applicable","Not applicable","Number","1.39980304771119"
"Belarus","2000","Not applicable","Not applicable","Number","0.994808492401553"
"Belarus","1998","Not applicable","Not applicable","Number","1.97001363446436"
"Belarus","1997","Not applicable","Not applicable","Number","1.86312667368837"
"Belarus","1996","Not applicable","Not applicable","Number","0.781496430856957"
"Belgium","2004","Not applicable","Not applicable","Number","2.79931534538339"
"Belgium","2003","Not applicable","Not applicable","Number","2.81110117424543"
"Belgium","2002","Not applicable","Not applicable","Number","2.82344758332846"
"Belgium","2001","Not applicable","Not applicable","Number","2.73731467279851"
"Belgium","2000","Not applicable","Not applicable","Number","2.84506353026863"
"Belgium","1999","Not applicable","Not applicable","Number","2.75457106311293"
"Belgium","1998","Not applicable","Not applicable","Number","2.85904644688552"
"Belgium","1997","Not applicable","Not applicable","Number","2.96290941111879"
"Belgium","1996","Not applicable","Not applicable","Number","2.96839461204715"
"Belize","1996","Not applicable","Not applicable","Number","0"
"Benin","2004","Not applicable","Not applicable","Number","4.13419298607409"
"Benin","2003","Not applicable","Not applicable","Number","3.89369264496532"
"Benin","2002","Not applicable","Not applicable","Number","3.50391971819142"
"Benin","2001","Not applicable","Not applicable","Number","3.21712885190859"
"Benin","2000","Not applicable","Not applicable","Number","2.49058455264743"
"Benin","1999","Not applicable","Not applicable","Number","1.85475155246272"
"Benin","1996","Not applicable","Not applicable","Number","0.156007870909103"
"Bermuda","2004","Not applicable","Not applicable","Number","15.7927984838913"
"Bermuda","2003","Not applicable","Not applicable","Number","15.8624409124076"
"Bermuda","2002","Not applicable","Not applicable","Number","15.9352391879402"
"Bermuda","2001","Not applicable","Not applicable","Number","16.0115283003763"
"Bermuda","2000","Not applicable","Not applicable","Number","16.0950250277639"
"Bhutan","1996","Not applicable","Not applicable","Number","0"
"Bolivia","2004","Not applicable","Not applicable","Number","2.10899227687028"
"Bolivia","2003","Not applicable","Not applicable","Number","2.15047702673688"
"Bolivia","2002","Not applicable","Not applicable","Number","2.19365721335106"
"Bolivia","2001","Not applicable","Not applicable","Number","2.00277112838128"
"Bolivia","2000","Not applicable","Not applicable","Number","2.04409276429638"
"Bolivia","1998","Not applicable","Not applicable","Number","3.63428696605589"
"Bolivia","1996","Not applicable","Not applicable","Number","2.35367250713065"
"Bosnia and Herzegovina","2004","Not applicable","Not applicable","Number","1.79242444610884"
"Bosnia and Herzegovina","2003","Not applicable","Not applicable","Number","1.79642685565762"
"Bosnia and Herzegovina","2002","Not applicable","Not applicable","Number","1.80376481792798"
"Bosnia and Herzegovina","2001","Not applicable","Not applicable","Number","1.8199322621212"
"Bosnia and Herzegovina","1996","Not applicable","Not applicable","Number","0.881929096428364"
"Botswana","2004","Not applicable","Not applicable","Number","1.10186887980704"
"Botswana","2003","Not applicable","Not applicable","Number","0.557039446748422"
"Botswana","2002","Not applicable","Not applicable","Number","0.563332676111878"
"Botswana","2001","Not applicable","Not applicable","Number","0.570317918020221"
"Botswana","2000","Not applicable","Not applicable","Number","0.578411819961223"
"Botswana","1998","Not applicable","Not applicable","Number","0.59852750263801"
"Botswana","1997","Not applicable","Not applicable","Number","0.610584854809027"
"Botswana","1996","Not applicable","Not applicable","Number","0.623917892405359"
"Brazil","2004","Not applicable","Not applicable","Number","2.8863208482107"
"Brazil","2003","Not applicable","Not applicable","Number","2.90999523899475"
"Brazil","2002","Not applicable","Not applicable","Number","2.91777625615777"
"Brazil","2001","Not applicable","Not applicable","Number","2.7786930990291"
"Brazil","2000","Not applicable","Not applicable","Number","2.66994944511015"
"Brazil","1999","Not applicable","Not applicable","Number","2.70944767623608"
"Brazil","1998","Not applicable","Not applicable","Number","2.20005650833313"
"Brazil","1997","Not applicable","Not applicable","Number","2.40145109603639"
"Brazil","1996","Not applicable","Not applicable","Number","2.31604044264945"
"British Virgin Islands","2004","Not applicable","Not applicable","Number","46.0914454277286"
"British Virgin Islands","2003","Not applicable","Not applicable","Number","46.5397682319542"
"British Virgin Islands","2002","Not applicable","Not applicable","Number","47.6508148289336"
"British Virgin Islands","2001","Not applicable","Not applicable","Number","48.4331864193345"
"Brunei Darussalam","2004","Not applicable","Not applicable","Number","5.4690084961047"
"Brunei Darussalam","2003","Not applicable","Not applicable","Number","5.59340425769932"
"Brunei Darussalam","2002","Not applicable","Not applicable","Number","5.72324668337855"
"Brunei Darussalam","2001","Not applicable","Not applicable","Number","5.85795627621435"
"Brunei Darussalam","1996","Not applicable","Not applicable","Number","3.30426679971848"
"Bulgaria","2004","Not applicable","Not applicable","Number","7.44082077897953"
"Bulgaria","2003","Not applicable","Not applicable","Number","7.90415472969321"
"Bulgaria","2002","Not applicable","Not applicable","Number","7.47438029469581"
"Bulgaria","2001","Not applicable","Not applicable","Number","7.55102985979248"
"Bulgaria","2000","Not applicable","Not applicable","Number","7.24771787483416"
"Bulgaria","1999","Not applicable","Not applicable","Number","4.46489088860879"
"Bulgaria","1998","Not applicable","Not applicable","Number","4.06066435668187"
"Bulgaria","1997","Not applicable","Not applicable","Number","4.02646927694129"
"Bulgaria","1996","Not applicable","Not applicable","Number","2.05509988752559"
"Burkina Faso","2004","Not applicable","Not applicable","Number","0.370175657974276"
"Burkina Faso","2003","Not applicable","Not applicable","Number","0.382207185342202"
"Burkina Faso","2002","Not applicable","Not applicable","Number","0.394819993273847"
"Burkina Faso","2001","Not applicable","Not applicable","Number","0.407765485913741"
"Burkina Faso","1998","Not applicable","Not applicable","Number","0.357393383522682"
"Burkina Faso","1997","Not applicable","Not applicable","Number","0.367782374342325"
"Burkina Faso","1996","Not applicable","Not applicable","Number","0.378404063832603"
"Burundi","2004","Not applicable","Not applicable","Number","0.132173973728572"
"Burundi","2003","Not applicable","Not applicable","Number","0.137102989160501"
"Burundi","2002","Not applicable","Not applicable","Number","0.141861518190619"
"Burundi","2001","Not applicable","Not applicable","Number","0.146215739276282"
"Burundi","1998","Not applicable","Not applicable","Number","0.155119878969266"
"Burundi","1997","Not applicable","Not applicable","Number","0.15678554512531"
"Burundi","1996","Not applicable","Not applicable","Number","0.158359371573004"
"Cambodia","1996","Not applicable","Not applicable","Number","0.170941529706176"
"Cameroon","2004","Not applicable","Not applicable","Number","0.574401245577613"
"Cameroon","2003","Not applicable","Not applicable","Number","0.587581730415269"
"Cameroon","2002","Not applicable","Not applicable","Number","0.601417806393504"
"Cameroon","2001","Not applicable","Not applicable","Number","0.738911342215212"
"Cameroon","2000","Not applicable","Not applicable","Number","0.630486095953175"
"Cameroon","1998","Not applicable","Not applicable","Number","0.132189104445255"
"Cameroon","1997","Not applicable","Not applicable","Number","0.1353765169531"
"Cameroon","1996","Not applicable","Not applicable","Number","0.138719371889782"
"Canada","2004","Not applicable","Not applicable","Number","3.22327870658275"
"Canada","2003","Not applicable","Not applicable","Number","3.31940594899508"
"Canada","2002","Not applicable","Not applicable","Number","3.32181005941185"
"Canada","2001","Not applicable","Not applicable","Number","3.45251233837564"
"Canada","2000","Not applicable","Not applicable","Number","3.48658719680866"
"Canada","1999","Not applicable","Not applicable","Number","3.4866215535116"
"Canada","1998","Not applicable","Not applicable","Number","3.48520507212184"
"Canada","1997","Not applicable","Not applicable","Number","3.51657655578789"
"Canada","1996","Not applicable","Not applicable","Number","3.61658420854671"
"Cape Verde","1996","Not applicable","Not applicable","Number","0"
"Cayman Islands","2004","Not applicable","Not applicable","Number","45.2079566003617"
"Cayman Islands","2003","Not applicable","Not applicable","Number","45.3031916098489"
"Cayman Islands","2002","Not applicable","Not applicable","Number","46.504057479015"
"Cayman Islands","2001","Not applicable","Not applicable","Number","47.7304185957711"
"Cayman Islands","2000","Not applicable","Not applicable","Number","49.0172050389687"
"Central African Republic","1998","Not applicable","Not applicable","Number","0.808845970922527"
"Central African Republic","1997","Not applicable","Not applicable","Number","0.827564062423709"
"Central African Republic","1996","Not applicable","Not applicable","Number","0.847850656194015"
"Chad","1998","Not applicable","Not applicable","Number","0.253394183412538"
"Chad","1997","Not applicable","Not applicable","Number","0.262006411034872"
"Chad","1996","Not applicable","Not applicable","Number","0.135368462803115"
"Chile","2004","Not applicable","Not applicable","Number","3.65918409001642"
"Chile","2003","Not applicable","Not applicable","Number","3.38536153372927"
"Chile","2002","Not applicable","Not applicable","Number","2.97927067834127"
"Chile","2001","Not applicable","Not applicable","Number","3.26999859005355"
"Chile","2000","Not applicable","Not applicable","Number","3.43891672825356"
"Chile","1999","Not applicable","Not applicable","Number","3.35027917679305"
"Chile","1996","Not applicable","Not applicable","Number","3.55751370840018"
"China","2004","Not applicable","Not applicable","Number","0.737940463156539"
"China","2003","Not applicable","Not applicable","Number","0.798094804122605"
"China","2002","Not applicable","Not applicable","Number","0.781589063736339"
"China","2001","Not applicable","Not applicable","Number","0.762025034055798"
"China","2000","Not applicable","Not applicable","Number","0.715769611104441"
"China","1999","Not applicable","Not applicable","Number","0.639020528639266"
"China","1998","Not applicable","Not applicable","Number","0.592544122839227"
"China","1997","Not applicable","Not applicable","Number","0.560839302448796"
"China","1996","Not applicable","Not applicable","Number","0.0318190795723734"
"Colombia","2004","Not applicable","Not applicable","Number","0.518984170170487"
"Colombia","2003","Not applicable","Not applicable","Number","0.52662256820867"
"Colombia","2002","Not applicable","Not applicable","Number","0.534643641068247"
"Colombia","2001","Not applicable","Not applicable","Number","0.543035594472162"
"Colombia","2000","Not applicable","Not applicable","Number","0.575779904676758"
"Colombia","1999","Not applicable","Not applicable","Number","0.585304924843433"
"Colombia","1998","Not applicable","Not applicable","Number","0.570434244308554"
"Colombia","1997","Not applicable","Not applicable","Number","0.630792233918148"
"Colombia","1996","Not applicable","Not applicable","Number","0.950063604190561"
"Comoros","2004","Not applicable","Not applicable","Number","1.28596854006564"
"Comoros","2003","Not applicable","Not applicable","Number","2.63988764638177"
"Comoros","2002","Not applicable","Not applicable","Number","2.71057435715341"
"Comoros","2001","Not applicable","Not applicable","Number","2.78424728570693"
"Congo","1998","Not applicable","Not applicable","Number","1.97548489099768"
"Congo","1997","Not applicable","Not applicable","Number","2.03073242764923"
"Congo","1996","Not applicable","Not applicable","Number","2.08837007588441"
"Cook Islands","2004","Not applicable","Not applicable","Number","50.2967508298964"
"Cook Islands","2003","Not applicable","Not applicable","Number","50.5484506899864"
"Cook Islands","2002","Not applicable","Not applicable","Number","50.8026823816298"
"Cook Islands","2001","Not applicable","Not applicable","Number","51.0568773613806"
"Costa Rica","2004","Not applicable","Not applicable","Number","1.64588269511881"
"Costa Rica","2003","Not applicable","Not applicable","Number","1.67609590333428"
"Costa Rica","2002","Not applicable","Not applicable","Number","1.46450694200699"
"Costa Rica","2001","Not applicable","Not applicable","Number","1.4946070839892"
"Costa Rica","2000","Not applicable","Not applicable","Number","1.52718503908448"
"Costa Rica","1999","Not applicable","Not applicable","Number","1.56259440674541"
"Costa Rica","1998","Not applicable","Not applicable","Number","1.60089564775173"
"Costa Rica","1997","Not applicable","Not applicable","Number","1.64158866384532"
"Costa Rica","1996","Not applicable","Not applicable","Number","1.6837761711435"
"Côte d'Ivoire","2004","Not applicable","Not applicable","Number","1.14908691365104"
"Côte d'Ivoire","2003","Not applicable","Not applicable","Number","1.11221325265487"
"Côte d'Ivoire","2002","Not applicable","Not applicable","Number","1.13048945897714"
"Côte d'Ivoire","2001","Not applicable","Not applicable","Number","1.1504283418606"
"Côte d'Ivoire","1998","Not applicable","Not applicable","Number","0.737150725700318"
"Côte d'Ivoire","1997","Not applicable","Not applicable","Number","0.756823234473298"
"Côte d'Ivoire","1996","Not applicable","Not applicable","Number","0.778121152555645"
"Croatia","2004","Not applicable","Not applicable","Number","2.86351181088487"
"Croatia","2003","Not applicable","Not applicable","Number","2.65341140259327"
"Croatia","2002","Not applicable","Not applicable","Number","2.88524002200772"
"Croatia","2001","Not applicable","Not applicable","Number","3.11236228074797"
"Croatia","2000","Not applicable","Not applicable","Number","3.10727328335358"
"Croatia","1999","Not applicable","Not applicable","Number","2.42745817103385"
"Croatia","1998","Not applicable","Not applicable","Number","2.18700273025421"
"Croatia","1997","Not applicable","Not applicable","Number","2.3819438264022"
"Croatia","1996","Not applicable","Not applicable","Number","2.14884905495767"
"Cuba","2004","Not applicable","Not applicable","Number","0.177830431392619"
"Cuba","2003","Not applicable","Not applicable","Number","0.178137123901317"
"Cuba","2002","Not applicable","Not applicable","Number","0.178530015983792"
"Cuba","2001","Not applicable","Not applicable","Number","0.17898900032048"
"Cuba","2000","Not applicable","Not applicable","Number","0.179499940091895"
"Cuba","1999","Not applicable","Not applicable","Number","0.18006527906562"
"Cuba","1996","Not applicable","Not applicable","Number","1.54828057977097"
"Cyprus","2004","Not applicable","Not applicable","Number","10.6784129208796"
"Cyprus","2003","Not applicable","Not applicable","Number","9.58422272638276"
"Cyprus","2002","Not applicable","Not applicable","Number","9.78832057588885"
"Cyprus","2001","Not applicable","Not applicable","Number","11.3388487383405"
"Cyprus","2000","Not applicable","Not applicable","Number","11.4687283617352"
"Cyprus","1999","Not applicable","Not applicable","Number","11.5858577227707"
"Cyprus","1998","Not applicable","Not applicable","Number","10.2509731102331"
"Cyprus","1997","Not applicable","Not applicable","Number","11.8480780195938"
"Cyprus","1996","Not applicable","Not applicable","Number","13.507165551325"
"Czech Republic","2004","Not applicable","Not applicable","Number","7.94545221443186"
"Czech Republic","2003","Not applicable","Not applicable","Number","6.47225071537983"
"Czech Republic","2002","Not applicable","Not applicable","Number","7.25372358627623"
"Czech Republic","2001","Not applicable","Not applicable","Number","6.5628296413825"
"Czech Republic","2000","Not applicable","Not applicable","Number","7.43609362433246"
"Czech Republic","1999","Not applicable","Not applicable","Number","10.159473450121"
"Czech Republic","1998","Not applicable","Not applicable","Number","10.0417943380074"
"Czech Republic","1997","Not applicable","Not applicable","Number","9.63166189948047"
"Czech Republic","1996","Not applicable","Not applicable","Number","2.03941133265916"
"Democratic People's Republic of Korea","2004","Not applicable","Not applicable","Number","0.637923831809425"
"Democratic People's Republic of Korea","1996","Not applicable","Not applicable","Number","0.13636258265277"
"Democratic Republic of the Congo","2004","Not applicable","Not applicable","Number","0.210829773809345"
"Democratic Republic of the Congo","2003","Not applicable","Not applicable","Number","0.217489970721863"
"Democratic Republic of the Congo","2002","Not applicable","Not applicable","Number","0.224145079845521"
"Democratic Republic of the Congo","2001","Not applicable","Not applicable","Number","0.230609715368229"
"Democratic Republic of the Congo","2000","Not applicable","Not applicable","Number","0.236739052130768"
"Democratic Republic of the Congo","1998","Not applicable","Not applicable","Number","0.185587604793588"
"Democratic Republic of the Congo","1997","Not applicable","Not applicable","Number","0.189344563177044"
"Democratic Republic of the Congo","1996","Not applicable","Not applicable","Number","0.193512543579831"
"Denmark","2004","Not applicable","Not applicable","Number","6.47799056434403"
"Denmark","2003","Not applicable","Not applicable","Number","6.49601330383525"
"Denmark","2002","Not applicable","Not applicable","Number","6.14318536447519"
"Denmark","2001","Not applicable","Not applicable","Number","5.97648254120038"
"Denmark","2000","Not applicable","Not applicable","Number","6.18512066139557"
"Denmark","1999","Not applicable","Not applicable","Number","6.20881369325638"
"Denmark","1998","Not applicable","Not applicable","Number","6.80075102960537"
"Denmark","1997","Not applicable","Not applicable","Number","7.20868380815795"
"Denmark","1996","Not applicable","Not applicable","Number","7.04850514540876"
"Dominican Republic","2004","Not applicable","Not applicable","Number","1.17967134570794"
"Dominican Republic","2003","Not applicable","Not applicable","Number","1.30722414547575"
"Dominican Republic","2002","Not applicable","Not applicable","Number","1.43887503879428"
"Dominican Republic","2001","Not applicable","Not applicable","Number","1.23739697123468"
"Dominican Republic","2000","Not applicable","Not applicable","Number","1.0292792197789"
"Dominican Republic","1999","Not applicable","Not applicable","Number","1.16306996970784"
"Dominican Republic","1998","Not applicable","Not applicable","Number","1.18319951346836"
"Dominican Republic","1997","Not applicable","Not applicable","Number","1.20404636638071"
"Dominican Republic","1996","Not applicable","Not applicable","Number","1.47073891393775"
"Ecuador","2000","Not applicable","Not applicable","Number","2.92551064788359"
"Ecuador","1999","Not applicable","Not applicable","Number","2.96560051680532"
"Ecuador","1996","Not applicable","Not applicable","Number","2.50080004042673"
"Egypt","1999","Not applicable","Not applicable","Number","0.244963541922953"
"Egypt","1998","Not applicable","Not applicable","Number","0.233939415773739"
"Egypt","1997","Not applicable","Not applicable","Number","0.222431470214504"
"Egypt","1996","Not applicable","Not applicable","Number","0.275154267263134"
"El Salvador","2004","Not applicable","Not applicable","Number","0.760339707615928"
"El Salvador","2003","Not applicable","Not applicable","Number","0.771047356803398"
"El Salvador","2002","Not applicable","Not applicable","Number","0.782175411283475"
"El Salvador","2001","Not applicable","Not applicable","Number","0.794086154536154"
"El Salvador","1998","Not applicable","Not applicable","Number","0.669293644220231"
"El Salvador","1997","Not applicable","Not applicable","Number","0.682403808359174"
"El Salvador","1996","Not applicable","Not applicable","Number","0.870156924099692"
"Equatorial Guinea","1998","Not applicable","Not applicable","Number","2.43572724726285"
"Equatorial Guinea","1997","Not applicable","Not applicable","Number","2.49489170922536"
"Equatorial Guinea","1996","Not applicable","Not applicable","Number","2.5555382346853"
"Estonia","2004","Not applicable","Not applicable","Number","9.64144933232963"
"Estonia","2003","Not applicable","Not applicable","Number","10.3524567858875"
"Estonia","2002","Not applicable","Not applicable","Number","9.58121256878205"
"Estonia","2001","Not applicable","Not applicable","Number","10.2752519822062"
"Estonia","2000","Not applicable","Not applicable","Number","11.6793947737628"
"Estonia","1999","Not applicable","Not applicable","Number","12.3301700402979"
"Estonia","1998","Not applicable","Not applicable","Number","11.5207953957141"
"Estonia","1997","Not applicable","Not applicable","Number","12.1320422937267"
"Estonia","1996","Not applicable","Not applicable","Number","10.5815626851773"
"Ethiopia","2004","Not applicable","Not applicable","Number","0.0389633666426826"
"Ethiopia","2003","Not applicable","Not applicable","Number","0.0399752627743917"
"Ethiopia","2002","Not applicable","Not applicable","Number","0.0410208066008713"
"Ethiopia","2001","Not applicable","Not applicable","Number","0.0421054014408974"
"Ethiopia","2000","Not applicable","Not applicable","Number","0.0576464923111037"
"Ethiopia","1998","Not applicable","Not applicable","Number","0.0304238600461061"
"Ethiopia","1997","Not applicable","Not applicable","Number","0.0312823249061409"
"Ethiopia","1996","Not applicable","Not applicable","Number","0.0643889307765712"
"Fiji","2004","Not applicable","Not applicable","Number","3.64569218934753"
"Fiji","2003","Not applicable","Not applicable","Number","3.66841446235718"
"Fiji","2002","Not applicable","Not applicable","Number","3.69159890531787"
"Fiji","2001","Not applicable","Not applicable","Number","3.71594798168285"
"Fiji","2000","Not applicable","Not applicable","Number","3.74213683497551"
"Fiji","1996","Not applicable","Not applicable","Number","1.28873950966039"
"Finland","2004","Not applicable","Not applicable","Number","10.1315844306986"
"Finland","2003","Not applicable","Not applicable","Number","10.1598099770484"
"Finland","2002","Not applicable","Not applicable","Number","10.1873864010309"
"Finland","2001","Not applicable","Not applicable","Number","10.4067758131884"
"Finland","2000","Not applicable","Not applicable","Number","10.6262308314871"
"Finland","1999","Not applicable","Not applicable","Number","10.8450207798345"
"Finland","1998","Not applicable","Not applicable","Number","10.8694280836907"
"Finland","1997","Not applicable","Not applicable","Number","10.8952023560097"
"Finland","1996","Not applicable","Not applicable","Number","10.9258166316293"
"France","2005","Not applicable","Not applicable","Number","1.68878637973782"
"France","2004","Not applicable","Not applicable","Number","1.66600969251449"
"France","2003","Not applicable","Not applicable","Number","1.62693819180462"
"France","2002","Not applicable","Not applicable","Number","1.62075596903955"
"France","2001","Not applicable","Not applicable","Number","1.58003861244573"
"France","2000","Not applicable","Not applicable","Number","1.53750503617378"
"France","1999","Not applicable","Not applicable","Number","1.57780157374001"
"France","1998","Not applicable","Not applicable","Number","1.56594595876241"
"France","1997","Not applicable","Not applicable","Number","1.4338117422593"
"France","1996","Not applicable","Not applicable","Number","2.00304555372422"
"French Guiana","1996","Not applicable","Not applicable","Number","6.96199447217639"
"French Polynesia","2004","Not applicable","Not applicable","Number","7.93978467303967"
"French Polynesia","2003","Not applicable","Not applicable","Number","8.06295555698897"
"French Polynesia","2002","Not applicable","Not applicable","Number","8.19275923938423"
"French Polynesia","2001","Not applicable","Not applicable","Number","8.32861378552154"
"French Polynesia","2000","Not applicable","Not applicable","Number","8.47012586607037"
"French Polynesia","1996","Not applicable","Not applicable","Number","18.1922373723132"
"Gabon","2004","Not applicable","Not applicable","Number","0.787317883532065"
"Gabon","2003","Not applicable","Not applicable","Number","0.800554624243676"
"Gabon","2002","Not applicable","Not applicable","Number","0.814624796038317"
"Gabon","2001","Not applicable","Not applicable","Number","0.829666208690919"
"Gabon","1998","Not applicable","Not applicable","Number","1.76384885931894"
"Gabon","1997","Not applicable","Not applicable","Number","1.80413091856424"
"Gabon","1996","Not applicable","Not applicable","Number","1.84744535256647"
"Gambia","2004","Not applicable","Not applicable","Number","1.27333870682268"
"Gambia","2003","Not applicable","Not applicable","Number","1.31228171013928"
"Gambia","2002","Not applicable","Not applicable","Number","1.35380558133427"
"Gambia","2001","Not applicable","Not applicable","Number","1.39799722916949"
"Gambia","1998","Not applicable","Not applicable","Number","0.773983025004296"
"Gambia","1997","Not applicable","Not applicable","Number","0.802082205405232"
"Gambia","1996","Not applicable","Not applicable","Number","0.831654776775541"
"Georgia","2004","Not applicable","Not applicable","Number","1.99248037904947"
"Georgia","2003","Not applicable","Not applicable","Number","3.28670017055783"
"Georgia","2002","Not applicable","Not applicable","Number","4.11822603295404"
"Georgia","2001","Not applicable","Not applicable","Number","3.64352364743293"
"Georgia","1996","Not applicable","Not applicable","Number","0.201871347390308"
"Germany","2004","Not applicable","Not applicable","Number","4.19956583750737"
"Germany","2003","Not applicable","Not applicable","Number","4.22681562562418"
"Germany","2002","Not applicable","Not applicable","Number","4.2310616981297"
"Germany","2001","Not applicable","Not applicable","Number","4.32062640344504"
"Germany","2000","Not applicable","Not applicable","Number","4.31302601528602"
"Germany","1999","Not applicable","Not applicable","Number","4.7060449865311"
"Germany","1998","Not applicable","Not applicable","Number","4.7587351116552"
"Germany","1997","Not applicable","Not applicable","Number","4.89825621225913"
"Germany","1996","Not applicable","Not applicable","Number","4.57814991639016"
"Ghana","1998","Not applicable","Not applicable","Number","0.207932813581007"
"Ghana","1997","Not applicable","Not applicable","Number","0.212878318699812"
"Ghana","1996","Not applicable","Not applicable","Number","0.218085765280397"
"Greece","1996","Not applicable","Not applicable","Number","14.5257320549944"
"Grenada","1996","Not applicable","Not applicable","Number","0"
"Guadeloupe","2004","Not applicable","Not applicable","Number","2.29865505692619"
"Guadeloupe","2003","Not applicable","Not applicable","Number","2.3169923585592"
"Guadeloupe","2002","Not applicable","Not applicable","Number","2.33577187917519"
"Guadeloupe","2001","Not applicable","Not applicable","Number","2.35460324935248"
"Guadeloupe","1996","Not applicable","Not applicable","Number","2.4466507797476"
"Guam","2004","Not applicable","Not applicable","Number","6.02700096432015"
"Guam","2003","Not applicable","Not applicable","Number","6.13026819923372"
"Guam","2002","Not applicable","Not applicable","Number","6.23841993299937"
"Guam","2001","Not applicable","Not applicable","Number","6.34493610649341"
"Guam","2000","Not applicable","Not applicable","Number","6.44512619557091"
"Guam","1996","Not applicable","Not applicable","Number","6.77998277884374"
"Guatemala","1996","Not applicable","Not applicable","Number","0.683902374303873"
"Guinea","2004","Not applicable","Not applicable","Number","0.22642953456277"
"Guinea","2003","Not applicable","Not applicable","Number","0.230663560243613"
"Guinea","2002","Not applicable","Not applicable","Number","0.234918331229444"
"Guinea","2001","Not applicable","Not applicable","Number","0.239275206685924"
"Guinea","1996","Not applicable","Not applicable","Number","0"
"Guinea-Bissau","1998","Not applicable","Not applicable","Number","0.771940279612208"
"Guinea-Bissau","1997","Not applicable","Not applicable","Number","0.793240952492006"
"Guinea-Bissau","1996","Not applicable","Not applicable","Number","0.815542943637012"
"Guyana","2004","Not applicable","Not applicable","Number","4.05957287880551"
"Guyana","2003","Not applicable","Not applicable","Number","4.06647879534632"
"Guyana","2002","Not applicable","Not applicable","Number","2.71675271980907"
"Guyana","2001","Not applicable","Not applicable","Number","2.72137723459088"
"Guyana","2000","Not applicable","Not applicable","Number","2.72332267152507"
"Guyana","1999","Not applicable","Not applicable","Number","2.72141056152225"
"Guyana","1996","Not applicable","Not applicable","Number","2.70627205611726"
"Haiti","2004","Not applicable","Not applicable","Number","0.218596722710494"
"Haiti","2003","Not applicable","Not applicable","Number","0.2221096619813"
"Haiti","2002","Not applicable","Not applicable","Number","0.225704389544109"
"Haiti","2001","Not applicable","Not applicable","Number","0.229421362616064"
"Haiti","1996","Not applicable","Not applicable","Number","0.501080454730513"
"Honduras","1996","Not applicable","Not applicable","Number","1.22824320689388"
"Hong Kong Special Administrative Region of China","2004","Not applicable","Not applicable","Number","6.58868244827992"
"Hong Kong Special Administrative Region of China","2003","Not applicable","Not applicable","Number","7.53097875351584"
"Hong Kong Special Administrative Region of China","2002","Not applicable","Not applicable","Number","7.61752746191895"
"Hong Kong Special Administrative Region of China","2001","Not applicable","Not applicable","Number","7.70868179910553"
"Hong Kong Special Administrative Region of China","2000","Not applicable","Not applicable","Number","8.85597335402729"
"Hong Kong Special Administrative Region of China","1999","Not applicable","Not applicable","Number","7.29865297277177"
"Hong Kong Special Administrative Region of China","1998","Not applicable","Not applicable","Number","6.62646406329845"
"Hong Kong Special Administrative Region of China","1996","Not applicable","Not applicable","Number","8.24787006686168"
"Hungary","2004","Not applicable","Not applicable","Number","3.36191887254689"
"Hungary","2003","Not applicable","Not applicable","Number","3.45199074827028"
"Hungary","2002","Not applicable","Not applicable","Number","3.44345739651205"
"Hungary","2001","Not applicable","Not applicable","Number","3.43501568624449"
"Hungary","2000","Not applicable","Not applicable","Number","3.42655890563149"
"Hungary","1999","Not applicable","Not applicable","Number","3.8084241561118"
"Hungary","1998","Not applicable","Not applicable","Number","3.89586963796852"
"Hungary","1997","Not applicable","Not applicable","Number","4.1777153473814"
"Hungary","1996","Not applicable","Not applicable","Number","3.87828769719881"
"Iceland","2004","Not applicable","Not applicable","Number","10.2422986449439"
"Iceland","2003","Not applicable","Not applicable","Number","10.3458978515019"
"Iceland","2002","Not applicable","Not applicable","Number","10.4536901526239"
"Iceland","2001","Not applicable","Not applicable","Number","14.0845070422535"
"Iceland","2000","Not applicable","Not applicable","Number","10.6729281178291"
"Iceland","1999","Not applicable","Not applicable","Number","10.7819424028637"
"Iceland","1998","Not applicable","Not applicable","Number","10.8906362309686"
"Iceland","1997","Not applicable","Not applicable","Number","14.6652832416142"
"Iceland","1996","Not applicable","Not applicable","Number","18.511936496653"
"India","2004","Not applicable","Not applicable","Number","1.67773046198879"
"India","2003","Not applicable","Not applicable","Number","1.59073158323961"
"India","2002","Not applicable","Not applicable","Number","1.7848243790395"
"India","2001","Not applicable","Not applicable","Number","1.24887678615457"
"India","2000","Not applicable","Not applicable","Number","1.45569535186266"
"India","1996","Not applicable","Not applicable","Number","4.90252264883755"
"Indonesia","2005","Not applicable","Not applicable","Number","3.81751915186987"
"Indonesia","2002","Not applicable","Not applicable","Number","3.12692652299773"
"Indonesia","2001","Not applicable","Not applicable","Number","2.6377752541197"
"Indonesia","2000","Not applicable","Not applicable","Number","4.96001582443449"
"Indonesia","1996","Not applicable","Not applicable","Number","0.344533195418859"
"Iran, Islamic Republic of","2004","Not applicable","Not applicable","Number","2.50476473239996"
"Iran, Islamic Republic of","2003","Not applicable","Not applicable","Number","1.91174915886346"
"Iran, Islamic Republic of","2002","Not applicable","Not applicable","Number","1.79571479525631"
"Iran, Islamic Republic of","2001","Not applicable","Not applicable","Number","1.75229695053153"
"Iran, Islamic Republic of","2000","Not applicable","Not applicable","Number","1.69375553920443"
"Iran, Islamic Republic of","1999","Not applicable","Not applicable","Number","1.60463749405138"
"Iran, Islamic Republic of","1996","Not applicable","Not applicable","Number","0.507270678936783"
"Iraq","1996","Not applicable","Not applicable","Number","0.179235857495484"
"Ireland","2004","Not applicable","Not applicable","Number","1.72085855108135"
"Ireland","2003","Not applicable","Not applicable","Number","1.75231700115478"
"Ireland","2002","Not applicable","Not applicable","Number","1.52845836632256"
"Ireland","2001","Not applicable","Not applicable","Number","1.55377538933727"
"Ireland","2000","Not applicable","Not applicable","Number","1.57736087545632"
"Ireland","1999","Not applicable","Not applicable","Number","1.59866138753151"
"Ireland","1998","Not applicable","Not applicable","Number","1.61746953361344"
"Ireland","1997","Not applicable","Not applicable","Number","1.6340403281153"
"Ireland","1996","Not applicable","Not applicable","Number","1.64893602403049"
"Israel","1996","Not applicable","Not applicable","Number","6.14376037888932"
"Italy","2004","Not applicable","Not applicable","Number","1.64173414051473"
"Italy","2003","Not applicable","Not applicable","Number","1.64748165696497"
"Italy","2002","Not applicable","Not applicable","Number","1.65360405587735"
"Italy","2001","Not applicable","Not applicable","Number","1.60745082842485"
"Italy","2000","Not applicable","Not applicable","Number","1.56000410177078"
"Italy","1999","Not applicable","Not applicable","Number","1.52844851724254"
"Italy","1998","Not applicable","Not applicable","Number","1.60009185918656"
"Italy","1996","Not applicable","Not applicable","Number","1.35931841265279"
"Jamaica","2004","Not applicable","Not applicable","Number","1.12557854737335"
"Jamaica","2003","Not applicable","Not applicable","Number","1.13328958835522"
"Jamaica","2002","Not applicable","Not applicable","Number","1.14144479516393"
"Jamaica","2001","Not applicable","Not applicable","Number","1.14994562673762"
"Jamaica","1996","Not applicable","Not applicable","Number","1.19639883949313"
"Japan","2004","Not applicable","Not applicable","Number","0.845083098781693"
"Japan","2003","Not applicable","Not applicable","Number","0.830336575520882"
"Japan","2002","Not applicable","Not applicable","Number","0.839328847552074"
"Japan","2001","Not applicable","Not applicable","Number","0.87213911068242"
"Japan","2000","Not applicable","Not applicable","Number","0.865909518532424"
"Japan","1999","Not applicable","Not applicable","Number","0.859855490477467"
"Japan","1998","Not applicable","Not applicable","Number","0.853964624467989"
"Japan","1997","Not applicable","Not applicable","Number","0.864049445570386"
"Japan","1996","Not applicable","Not applicable","Number","0.969667543442179"
"Jordan","2004","Not applicable","Not applicable","Number","0.744780207912843"
"Jordan","2003","Not applicable","Not applicable","Number","0.768251691546178"
"Jordan","2002","Not applicable","Not applicable","Number","0.989127314731014"
"Jordan","2001","Not applicable","Not applicable","Number","1.01653082426418"
"Jordan","2000","Not applicable","Not applicable","Number","1.0419436500203"
"Jordan","1999","Not applicable","Not applicable","Number","1.06380556868173"
"Jordan","1998","Not applicable","Not applicable","Number","1.73164296119605"
"Jordan","1997","Not applicable","Not applicable","Number","1.76165317056832"
"Jordan","1996","Not applicable","Not applicable","Number","0.900694593152875"
"Kazakhstan","1996","Not applicable","Not applicable","Number","0.191030980831378"
"Kenya","2004","Not applicable","Not applicable","Number","0.144197329315496"
"Kenya","2003","Not applicable","Not applicable","Number","0.148016880200259"
"Kenya","2002","Not applicable","Not applicable","Number","0.151915744125395"
"Kenya","2001","Not applicable","Not applicable","Number","0.155902877371567"
"Kenya","2000","Not applicable","Not applicable","Number","0.127992373702405"
"Kenya","1999","Not applicable","Not applicable","Number","0.131341366390204"
"Kenya","1998","Not applicable","Not applicable","Number","0.134778364056174"
"Kenya","1997","Not applicable","Not applicable","Number","0.138343283155187"
"Kenya","1996","Not applicable","Not applicable","Number","0.142096010650949"
"Kuwait","2004","Not applicable","Not applicable","Number","3.05693308602745"
"Kuwait","2003","Not applicable","Not applicable","Number","3.16090216889253"
"Kuwait","2002","Not applicable","Not applicable","Number","3.27966704820127"
"Kuwait","2001","Not applicable","Not applicable","Number","3.42071551106345"
"Kuwait","2000","Not applicable","Not applicable","Number","3.59008096530097"
"Kuwait","1996","Not applicable","Not applicable","Number","4.56354276952284"
"Kyrgyzstan","2004","Not applicable","Not applicable","Number","0.388160484175862"
"Kyrgyzstan","2003","Not applicable","Not applicable","Number","0.39178474405878"
"Kyrgyzstan","2002","Not applicable","Not applicable","Number","0.197732795763773"
"Kyrgyzstan","2001","Not applicable","Not applicable","Number","0.399561122063525"
"Kyrgyzstan","2000","Not applicable","Not applicable","Number","0.606496057977788"
"Kyrgyzstan","1999","Not applicable","Not applicable","Number","0.615000980926565"
"Kyrgyzstan","1996","Not applicable","Not applicable","Number","0.644870751779575"
"Lao People's Democratic Republic","2004","Not applicable","Not applicable","Number","1.07651626418714"
"Lao People's Democratic Republic","2003","Not applicable","Not applicable","Number","1.09344847588773"
"Lao People's Democratic Republic","2002","Not applicable","Not applicable","Number","0.925510303243451"
"Lao People's Democratic Republic","2001","Not applicable","Not applicable","Number","0.940636080693031"
"Lao People's Democratic Republic","2000","Not applicable","Not applicable","Number","0.957126476606872"
"Lao People's Democratic Republic","1996","Not applicable","Not applicable","Number","0.624013798193106"
"Latvia","2004","Not applicable","Not applicable","Number","9.93399079075862"
"Latvia","2003","Not applicable","Not applicable","Number","10.3018926723067"
"Latvia","2002","Not applicable","Not applicable","Number","10.2344499260348"
"Latvia","2001","Not applicable","Not applicable","Number","11.4339726194469"
"Latvia","2000","Not applicable","Not applicable","Number","10.929637098215"
"Latvia","1999","Not applicable","Not applicable","Number","11.2658707954831"
"Latvia","1998","Not applicable","Not applicable","Number","8.69674691969507"
"Latvia","1997","Not applicable","Not applicable","Number","9.8569550469458"
"Latvia","1996","Not applicable","Not applicable","Number","9.75833483774329"
"Lebanon","2004","Not applicable","Not applicable","Number","3.78320710032309"
"Lebanon","2003","Not applicable","Not applicable","Number","3.57367214468063"
"Lebanon","2002","Not applicable","Not applicable","Number","3.35985117409999"
"Lebanon","2001","Not applicable","Not applicable","Number","3.40250005234615"
"Lebanon","2000","Not applicable","Not applicable","Number","3.44618895241953"
"Lebanon","1999","Not applicable","Not applicable","Number","3.75749855805993"
"Lebanon","1998","Not applicable","Not applicable","Number","3.53192054700212"
"Lebanon","1996","Not applicable","Not applicable","Number","4.20249998319"
"Lesotho","1998","Not applicable","Not applicable","Number","1.09723294310244"
"Lesotho","1997","Not applicable","Not applicable","Number","1.11876407894671"
"Lesotho","1996","Not applicable","Not applicable","Number","1.140571437696"
"Liberia","2004","Not applicable","Not applicable","Number","0.895928899082569"
"Liberia","2003","Not applicable","Not applicable","Number","0.911430800527901"
"Liberia","2002","Not applicable","Not applicable","Number","0.923929496787959"
"Liberia","2001","Not applicable","Not applicable","Number","0.628723220320334"
"Liberia","2000","Not applicable","Not applicable","Number","0.651236910545121"
"Liberia","1998","Not applicable","Not applicable","Number","2.22363299382164"
"Liberia","1997","Not applicable","Not applicable","Number","2.42278875099183"
"Liberia","1996","Not applicable","Not applicable","Number","2.62945462481627"
"Libyan Arab Jamahiriya","2004","Not applicable","Not applicable","Number","0.689716533401937"
"Libyan Arab Jamahiriya","2003","Not applicable","Not applicable","Number","0.703897444957859"
"Libyan Arab Jamahiriya","2002","Not applicable","Not applicable","Number","0.718398674985484"
"Libyan Arab Jamahiriya","2001","Not applicable","Not applicable","Number","0.733195211575393"
"Libyan Arab Jamahiriya","1998","Not applicable","Not applicable","Number","0.779269407655893"
"Libyan Arab Jamahiriya","1997","Not applicable","Not applicable","Number","0.79517645959609"
"Libyan Arab Jamahiriya","1996","Not applicable","Not applicable","Number","0.811323808662261"
"Liechtenstein","2003","Not applicable","Not applicable","Number","58.3192395171167"
"Liechtenstein","2002","Not applicable","Not applicable","Number","59.0615125653368"
"Lithuania","2004","Not applicable","Not applicable","Number","4.06958052508053"
"Lithuania","2003","Not applicable","Not applicable","Number","4.05348750483523"
"Lithuania","2002","Not applicable","Not applicable","Number","4.03745722097782"
"Lithuania","2001","Not applicable","Not applicable","Number","3.73203527404909"
"Lithuania","2000","Not applicable","Not applicable","Number","3.71148937215018"
"Lithuania","1996","Not applicable","Not applicable","Number","5.27079543793236"
"Luxembourg","2004","Not applicable","Not applicable","Number","13.2619838601656"
"Luxembourg","2003","Not applicable","Not applicable","Number","13.3728873623986"
"Luxembourg","2002","Not applicable","Not applicable","Number","13.4809951670632"
"Luxembourg","2001","Not applicable","Not applicable","Number","15.865388974008"
"Luxembourg","2000","Not applicable","Not applicable","Number","11.4469388596102"
"Luxembourg","1999","Not applicable","Not applicable","Number","11.5807490891741"
"Luxembourg","1998","Not applicable","Not applicable","Number","11.7319117384816"
"Luxembourg","1997","Not applicable","Not applicable","Number","11.8972269943322"
"Luxembourg","1996","Not applicable","Not applicable","Number","12.0705013844865"
"Macao Special Administrative Region of China","2004","Not applicable","Not applicable","Number","25.6612036815274"
"Macao Special Administrative Region of China","2003","Not applicable","Not applicable","Number","23.8461705217976"
"Macao Special Administrative Region of China","2002","Not applicable","Not applicable","Number","24.2065212368212"
"Macao Special Administrative Region of China","2001","Not applicable","Not applicable","Number","24.5777102511395"
"Macao Special Administrative Region of China","2000","Not applicable","Not applicable","Number","22.6724980331608"
"Macao Special Administrative Region of China","1999","Not applicable","Not applicable","Number","22.9880829777843"
"Macao Special Administrative Region of China","1996","Not applicable","Not applicable","Number","23.9354126824178"
"Madagascar","2004","Not applicable","Not applicable","Number","0.496285988660968"
"Madagascar","2003","Not applicable","Not applicable","Number","0.340220511656493"
"Madagascar","2002","Not applicable","Not applicable","Number","0.233304796268336"
"Madagascar","1998","Not applicable","Not applicable","Number","0.32767398849825"
"Madagascar","1997","Not applicable","Not applicable","Number","0.337627140252205"
"Madagascar","1996","Not applicable","Not applicable","Number","0.347913507032167"
"Malawi","2004","Not applicable","Not applicable","Number","0.155112564412431"
"Malawi","2003","Not applicable","Not applicable","Number","0.159062498359668"
"Malawi","2002","Not applicable","Not applicable","Number","0.163134119656103"
"Malawi","2001","Not applicable","Not applicable","Number","0.167440296650625"
"Malawi","1998","Not applicable","Not applicable","Number","0.456986385004632"
"Malawi","1997","Not applicable","Not applicable","Number","0.471370955083345"
"Malawi","1996","Not applicable","Not applicable","Number","0.484608541942772"
"Malaysia","2004","Not applicable","Not applicable","Number","1.38936055474388"
"Malaysia","2003","Not applicable","Not applicable","Number","1.33450829374663"
"Malaysia","2002","Not applicable","Not applicable","Number","1.36035947128021"
"Malaysia","2001","Not applicable","Not applicable","Number","1.43008280978633"
"Malaysia","2000","Not applicable","Not applicable","Number","1.3319804422304"
"Malaysia","1998","Not applicable","Not applicable","Number","1.48552852133732"
"Malaysia","1997","Not applicable","Not applicable","Number","1.52298221701352"
"Malaysia","1996","Not applicable","Not applicable","Number","1.98815965717311"
"Maldives","2004","Not applicable","Not applicable","Number","10.3239305268302"
"Maldives","2003","Not applicable","Not applicable","Number","10.4853310219004"
"Maldives","2002","Not applicable","Not applicable","Number","10.6467926537131"
"Maldives","2001","Not applicable","Not applicable","Number","10.8133436660839"
"Maldives","1996","Not applicable","Not applicable","Number","7.89122732258548"
"Mali","2004","Not applicable","Not applicable","Number","0.798954328574761"
"Mali","2003","Not applicable","Not applicable","Number","0.823457561055947"
"Mali","2002","Not applicable","Not applicable","Number","0.754238466633197"
"Mali","2001","Not applicable","Not applicable","Number","0.776852815814704"
"Mali","1998","Not applicable","Not applicable","Number","0.317042827413298"
"Mali","1997","Not applicable","Not applicable","Number","0.325681978062062"
"Mali","1996","Not applicable","Not applicable","Number","0.334448868955241"
"Malta","2004","Not applicable","Not applicable","Number","9.99690096070218"
"Malta","2003","Not applicable","Not applicable","Number","10.0673759132998"
"Malta","2002","Not applicable","Not applicable","Number","10.1425278729344"
"Malta","2001","Not applicable","Not applicable","Number","10.2165917449939"
"Malta","2000","Not applicable","Not applicable","Number","10.285261734198"
"Malta","1998","Not applicable","Not applicable","Number","10.4009027983629"
"Malta","1997","Not applicable","Not applicable","Number","13.0682738901115"
"Malta","1996","Not applicable","Not applicable","Number","5.25759591169342"
"Marshall Islands","2004","Not applicable","Not applicable","Number","0"
"Marshall Islands","2003","Not applicable","Not applicable","Number","0"
"Marshall Islands","2002","Not applicable","Not applicable","Number","0"
"Marshall Islands","2001","Not applicable","Not applicable","Number","0"
"Marshall Islands","2000","Not applicable","Not applicable","Number","0"
"Martinique","1996","Not applicable","Not applicable","Number","2.6475828892013"
"Mauritania","2004","Not applicable","Not applicable","Number","1.04087516784112"
"Mauritania","2003","Not applicable","Not applicable","Number","1.07097034911491"
"Mauritania","2002","Not applicable","Not applicable","Number","1.10257554296333"
"Mauritania","2001","Not applicable","Not applicable","Number","1.13537577342744"
"Mauritania","1996","Not applicable","Not applicable","Number","0.873888304840205"
"Mauritius","2004","Not applicable","Not applicable","Number","8.12626922167406"
"Mauritius","2003","Not applicable","Not applicable","Number","7.3786216734714"
"Mauritius","2000","Not applicable","Not applicable","Number","4.21640620520068"
"Mauritius","1999","Not applicable","Not applicable","Number","5.10989684821562"
"Mauritius","1998","Not applicable","Not applicable","Number","5.16161000939413"
"Mauritius","1997","Not applicable","Not applicable","Number","6.95421173140748"
"Mauritius","1996","Not applicable","Not applicable","Number","5.27317693090556"
"Mexico","2002","Not applicable","Not applicable","Number","2.94886668123603"
"Mexico","2001","Not applicable","Not applicable","Number","3.3817846210994"
"Mexico","2000","Not applicable","Not applicable","Number","3.11827506007517"
"Mexico","1999","Not applicable","Not applicable","Number","3.04873900140729"
"Mexico","1996","Not applicable","Not applicable","Number","3.15517243942542"
"Moldova","2000","Not applicable","Not applicable","Number","1.64651063234241"
"Moldova","1999","Not applicable","Not applicable","Number","1.64387885270407"
"Moldova","1998","Not applicable","Not applicable","Number","1.64358390043826"
"Moldova","1997","Not applicable","Not applicable","Number","1.16144288372331"
"Moldova","1996","Not applicable","Not applicable","Number","0.920139695608587"
"Mongolia","2004","Not applicable","Not applicable","Number","2.34681002025297"
"Mongolia","2003","Not applicable","Not applicable","Number","2.36905820460134"
"Mongolia","2002","Not applicable","Not applicable","Number","1.99245735344281"
"Mongolia","2001","Not applicable","Not applicable","Number","2.00947507688252"
"Mongolia","2000","Not applicable","Not applicable","Number","2.02468905837786"
"Mongolia","1999","Not applicable","Not applicable","Number","2.0378618427488"
"Mongolia","1998","Not applicable","Not applicable","Number","2.04962973438848"
"Mongolia","1997","Not applicable","Not applicable","Number","1.6491261486679"
"Mongolia","1996","Not applicable","Not applicable","Number","1.66015608787538"
"Morocco","2004","Not applicable","Not applicable","Number","0.795972643746856"
"Morocco","2003","Not applicable","Not applicable","Number","0.771274414272413"
"Morocco","2002","Not applicable","Not applicable","Number","0.779783112481239"
"Morocco","2001","Not applicable","Not applicable","Number","0.788576962128626"
"Morocco","2000","Not applicable","Not applicable","Number","0.797859931526273"
"Morocco","1999","Not applicable","Not applicable","Number","0.772619570516936"
"Morocco","1998","Not applicable","Not applicable","Number","0.782654275209846"
"Morocco","1997","Not applicable","Not applicable","Number","0.757232107506766"
"Morocco","1996","Not applicable","Not applicable","Number","0.804508936156145"
"Mozambique","2004","Not applicable","Not applicable","Number","0.946302606456055"
"Mozambique","2003","Not applicable","Not applicable","Number","0.713927366457591"
"Mozambique","2002","Not applicable","Not applicable","Number","0.679413402830008"
"Mozambique","2001","Not applicable","Not applicable","Number","0.589491099300687"
"Mozambique","2000","Not applicable","Not applicable","Number","0.604588408303395"
"Mozambique","1998","Not applicable","Not applicable","Number","0.69320253679779"
"Mozambique","1997","Not applicable","Not applicable","Number","0.710978647889247"
"Mozambique","1996","Not applicable","Not applicable","Number","0.121759648523728"
"Myanmar","1998","Not applicable","Not applicable","Number","0.0891859673461188"
"Myanmar","1997","Not applicable","Not applicable","Number","0.0903171318999974"
"Myanmar","1996","Not applicable","Not applicable","Number","0.114382090674481"
"Namibia","2004","Not applicable","Not applicable","Number","2.00618607476153"
"Namibia","2003","Not applicable","Not applicable","Number","1.5239929835363"
"Namibia","2002","Not applicable","Not applicable","Number","1.54460351572355"
"Namibia","2001","Not applicable","Not applicable","Number","1.56820352354422"
"Namibia","2000","Not applicable","Not applicable","Number","1.59620486331698"
"Namibia","1998","Not applicable","Not applicable","Number","2.22493416976025"
"Namibia","1997","Not applicable","Not applicable","Number","2.2836616001731"
"Namibia","1996","Not applicable","Not applicable","Number","2.34722912535788"
"Nepal","1996","Not applicable","Not applicable","Number","1.3053876544448"
"Netherlands","2004","Not applicable","Not applicable","Number","2.2750281534734"
"Netherlands","2003","Not applicable","Not applicable","Number","2.28568618677676"
"Netherlands","2002","Not applicable","Not applicable","Number","2.35979099952115"
"Netherlands","2001","Not applicable","Not applicable","Number","2.37290828134999"
"Netherlands","2000","Not applicable","Not applicable","Number","2.38635202573342"
"Netherlands","1999","Not applicable","Not applicable","Number","2.21048475867601"
"Netherlands","1998","Not applicable","Not applicable","Number","2.22324505610645"
"Netherlands","1997","Not applicable","Not applicable","Number","2.42800532908833"
"Netherlands","1996","Not applicable","Not applicable","Number","2.44273694275144"
"Netherlands Antilles","2004","Not applicable","Not applicable","Number","27.1386622810588"
"Netherlands Antilles","2003","Not applicable","Not applicable","Number","27.4142345671567"
"Netherlands Antilles","2002","Not applicable","Not applicable","Number","27.6198841069663"
"Netherlands Antilles","2001","Not applicable","Not applicable","Number","27.7149572081061"
"Netherlands Antilles","1996","Not applicable","Not applicable","Number","31.7687236915257"
"New Caledonia","2004","Not applicable","Not applicable","Number","4.3395432196807"
"New Caledonia","2003","Not applicable","Not applicable","Number","4.41097981094541"
"New Caledonia","2002","Not applicable","Not applicable","Number","4.48575324768535"
"New Caledonia","2001","Not applicable","Not applicable","Number","4.56523029304213"
"New Caledonia","1996","Not applicable","Not applicable","Number","15.1807265495727"
"New Zealand","2004","Not applicable","Not applicable","Number","5.67862395584302"
"New Zealand","2003","Not applicable","Not applicable","Number","6.00032101717442"
"New Zealand","2002","Not applicable","Not applicable","Number","6.07881949325441"
"New Zealand","2001","Not applicable","Not applicable","Number","6.66875621027922"
"New Zealand","2000","Not applicable","Not applicable","Number","7.26510740163953"
"New Zealand","1999","Not applicable","Not applicable","Number","7.33875702423887"
"New Zealand","1998","Not applicable","Not applicable","Number","7.40418717362078"
"New Zealand","1997","Not applicable","Not applicable","Number","7.46741340800747"
"New Zealand","1996","Not applicable","Not applicable","Number","6.19176043594301"
"Nicaragua","2004","Not applicable","Not applicable","Number","1.11243078362962"
"Nicaragua","2003","Not applicable","Not applicable","Number","1.12670724315018"
"Nicaragua","2002","Not applicable","Not applicable","Number","1.14154534417878"
"Nicaragua","2001","Not applicable","Not applicable","Number","1.15737592785381"
"Nicaragua","1996","Not applicable","Not applicable","Number","0.840030299892917"
"Niger","2004","Not applicable","Not applicable","Number","0.0780768241595928"
"Niger","2003","Not applicable","Not applicable","Number","0.0808587588309894"
"Niger","2002","Not applicable","Not applicable","Number","0.0837464265399795"
"Niger","2001","Not applicable","Not applicable","Number","0.0867544367086477"
"Niger","2000","Not applicable","Not applicable","Number","0.0898961169462181"
"Niger","1998","Not applicable","Not applicable","Number","0.096617648025"
"Niger","1997","Not applicable","Not applicable","Number","0.100192118387007"
"Niger","1996","Not applicable","Not applicable","Number","0.103887091353633"
"Nigeria","2004","Not applicable","Not applicable","Number","0.275360147885211"
"Nigeria","2003","Not applicable","Not applicable","Number","0.267341206155597"
"Nigeria","2002","Not applicable","Not applicable","Number","0.266491636989904"
"Nigeria","2001","Not applicable","Not applicable","Number","0.265544875982811"
"Nigeria","2000","Not applicable","Not applicable","Number","0.641166373962195"
"Nigeria","1998","Not applicable","Not applicable","Number","0.211242212534711"
"Nigeria","1997","Not applicable","Not applicable","Number","0.217027449336635"
"Nigeria","1996","Not applicable","Not applicable","Number","0.223056039403759"
"Niue","2004","Not applicable","Not applicable","Number","627.746390458255"
"Niue","2003","Not applicable","Not applicable","Number","605.326876513317"
"Niue","2002","Not applicable","Not applicable","Number","581.395348837209"
"Niue","2001","Not applicable","Not applicable","Number","559.284116331096"
"Niue","2000","Not applicable","Not applicable","Number","496.524329692155"
"Norway","2004","Not applicable","Not applicable","Number","16.0571077546934"
"Norway","2003","Not applicable","Not applicable","Number","16.1644474773414"
"Norway","2002","Not applicable","Not applicable","Number","16.7127219438479"
"Norway","2001","Not applicable","Not applicable","Number","17.2659577293937"
"Norway","2000","Not applicable","Not applicable","Number","18.0452052441594"
"Norway","1999","Not applicable","Not applicable","Number","18.3809560742223"
"Norway","1998","Not applicable","Not applicable","Number","18.2650214016442"
"Norway","1997","Not applicable","Not applicable","Number","18.8244643646086"
"Norway","1996","Not applicable","Not applicable","Number","18.9321405932694"
"Occupied Palestinian Territory","2004","Not applicable","Not applicable","Number","0.825169654881044"
"Occupied Palestinian Territory","2003","Not applicable","Not applicable","Number","0.85461003716699"
"Occupied Palestinian Territory","2002","Not applicable","Not applicable","Number","0.885740377095108"
"Occupied Palestinian Territory","2001","Not applicable","Not applicable","Number","0.918427700759111"
"Occupied Palestinian Territory","2000","Not applicable","Not applicable","Number","0.952548177505448"
"Occupied Palestinian Territory","1999","Not applicable","Not applicable","Number","0.988030667154534"
"Oman","2004","Not applicable","Not applicable","Number","2.420675473353"
"Oman","2003","Not applicable","Not applicable","Number","2.03316168026987"
"Oman","2002","Not applicable","Not applicable","Number","2.04574615727042"
"Oman","2001","Not applicable","Not applicable","Number","2.06040955997069"
"Oman","2000","Not applicable","Not applicable","Number","2.08143922363982"
"Oman","1998","Not applicable","Not applicable","Number","2.14726732318649"
"Oman","1997","Not applicable","Not applicable","Number","2.19188747375763"
"Oman","1996","Not applicable","Not applicable","Number","1.79495671013154"
"Pakistan","2004","Not applicable","Not applicable","Number","1.87339819625874"
"Pakistan","2003","Not applicable","Not applicable","Number","1.33613072823559"
"Pakistan","2002","Not applicable","Not applicable","Number","1.12639414686677"
"Pakistan","2001","Not applicable","Not applicable","Number","1.14061582500172"
"Pakistan","2000","Not applicable","Not applicable","Number","1.05984709232717"
"Pakistan","1999","Not applicable","Not applicable","Number","2.4928858208578"
"Pakistan","1998","Not applicable","Not applicable","Number","2.19811685225459"
"Pakistan","1997","Not applicable","Not applicable","Number","2.67123551614621"
"Pakistan","1996","Not applicable","Not applicable","Number","2.01525482252197"
"Panama","2004","Not applicable","Not applicable","Number","2.51940175545616"
"Panama","1996","Not applicable","Not applicable","Number","2.56865651925025"
"Papua New Guinea","2004","Not applicable","Not applicable","Number","0.336983652586029"
"Papua New Guinea","2003","Not applicable","Not applicable","Number","0.344947366206127"
"Papua New Guinea","2002","Not applicable","Not applicable","Number","0.353395414305764"
"Papua New Guinea","2001","Not applicable","Not applicable","Number","0.362307945087159"
"Papua New Guinea","1996","Not applicable","Not applicable","Number","0.413481737441991"
"Paraguay","1996","Not applicable","Not applicable","Number","1.01852721372307"
"Peru","2004","Not applicable","Not applicable","Number","2.70786067099823"
"Peru","2003","Not applicable","Not applicable","Number","2.21459375998796"
"Peru","2002","Not applicable","Not applicable","Number","1.70965940849128"
"Peru","2001","Not applicable","Not applicable","Number","1.53873839300779"
"Peru","1998","Not applicable","Not applicable","Number","2.28248809462219"
"Peru","1996","Not applicable","Not applicable","Number","3.0525843963271"
"Philippines","2004","Not applicable","Not applicable","Number","0.989526382142997"
"Philippines","2002","Not applicable","Not applicable","Number","0.981256380289382"
"Philippines","2000","Not applicable","Not applicable","Number","0.997204416145999"
"Philippines","1997","Not applicable","Not applicable","Number","0.586763700618072"
"Philippines","1996","Not applicable","Not applicable","Number","0.670653602448645"
"Poland","2004","Not applicable","Not applicable","Number","1.09813315272355"
"Poland","2003","Not applicable","Not applicable","Number","1.09678913414138"
"Poland","2002","Not applicable","Not applicable","Number","1.12159053431843"
"Poland","2001","Not applicable","Not applicable","Number","1.12024720469014"
"Poland","2000","Not applicable","Not applicable","Number","1.09281430620901"
"Poland","1999","Not applicable","Not applicable","Number","1.19526221961389"
"Poland","1998","Not applicable","Not applicable","Number","1.34931514082867"
"Poland","1997","Not applicable","Not applicable","Number","1.71065193411751"
"Poland","1996","Not applicable","Not applicable","Number","1.42473054006535"
"Portugal","2004","Not applicable","Not applicable","Number","2.57840549112513"
"Portugal","2003","Not applicable","Not applicable","Number","2.59366044066483"
"Portugal","2002","Not applicable","Not applicable","Number","2.60961216813828"
"Portugal","2001","Not applicable","Not applicable","Number","2.62531069822861"
"Portugal","2000","Not applicable","Not applicable","Number","2.63998289291085"
"Portugal","1999","Not applicable","Not applicable","Number","2.7515880102304"
"Portugal","1998","Not applicable","Not applicable","Number","2.86271400884895"
"Portugal","1997","Not applicable","Not applicable","Number","3.07213603339075"
"Portugal","1996","Not applicable","Not applicable","Number","2.68458698076732"
"Puerto Rico","2004","Not applicable","Not applicable","Number","1.27388502576178"
"Puerto Rico","2003","Not applicable","Not applicable","Number","1.28101169179371"
"Puerto Rico","2002","Not applicable","Not applicable","Number","1.28833040624665"
"Puerto Rico","2001","Not applicable","Not applicable","Number","1.29598578770146"
"Puerto Rico","1996","Not applicable","Not applicable","Number","0.804943857849061"
"Qatar","2004","Not applicable","Not applicable","Number","6.54205362913883"
"Qatar","2003","Not applicable","Not applicable","Number","6.87910252476821"
"Qatar","2002","Not applicable","Not applicable","Number","7.27789325368407"
"Qatar","2001","Not applicable","Not applicable","Number","7.7013716142845"
"Qatar","2000","Not applicable","Not applicable","Number","8.10742007299921"
"Qatar","1996","Not applicable","Not applicable","Number","9.28327543663886"
"Republic of Korea","2004","Not applicable","Not applicable","Number","2.91502537456189"
"Republic of Korea","2003","Not applicable","Not applicable","Number","2.82162360939228"
"Republic of Korea","2002","Not applicable","Not applicable","Number","2.64373690900795"
"Republic of Korea","2001","Not applicable","Not applicable","Number","2.61439481106821"
"Republic of Korea","2000","Not applicable","Not applicable","Number","2.54380876919715"
"Republic of Korea","1999","Not applicable","Not applicable","Number","2.40969698211056"
"Republic of Korea","1998","Not applicable","Not applicable","Number","2.34038772423298"
"Republic of Korea","1997","Not applicable","Not applicable","Number","4.21524840557137"
"Republic of Korea","1996","Not applicable","Not applicable","Number","1.32144517208355"
"Réunion","1998","Not applicable","Not applicable","Number","4.28663284989641"
"Réunion","1997","Not applicable","Not applicable","Number","4.36154282308128"
"Réunion","1996","Not applicable","Not applicable","Number","4.43926858610775"
"Romania","2004","Not applicable","Not applicable","Number","7.50260577465901"
"Romania","2003","Not applicable","Not applicable","Number","6.41437435635762"
"Romania","2002","Not applicable","Not applicable","Number","5.97405617892982"
"Romania","2001","Not applicable","Not applicable","Number","5.35582732395135"
"Romania","2000","Not applicable","Not applicable","Number","6.54996200344456"
"Romania","1999","Not applicable","Not applicable","Number","6.24943743823061"
"Romania","1998","Not applicable","Not applicable","Number","4.2515423700657"
"Romania","1997","Not applicable","Not applicable","Number","3.29628648827669"
"Romania","1996","Not applicable","Not applicable","Number","4.69839079228875"
"Russian Federation","2004","Not applicable","Not applicable","Number","1.72776554757818"
"Russian Federation","2003","Not applicable","Not applicable","Number","1.71206565135077"
"Russian Federation","2002","Not applicable","Not applicable","Number","0.93049228132022"
"Russian Federation","2001","Not applicable","Not applicable","Number","1.60731812487107"
"Russian Federation","2000","Not applicable","Not applicable","Number","1.85859690300641"
"Russian Federation","1999","Not applicable","Not applicable","Number","1.81170350322955"
"Russian Federation","1998","Not applicable","Not applicable","Number","1.65162250912321"
"Russian Federation","1996","Not applicable","Not applicable","Number","1.91369870183745"
"Rwanda","2004","Not applicable","Not applicable","Number","0"
"Rwanda","2003","Not applicable","Not applicable","Number","0"
"Rwanda","2002","Not applicable","Not applicable","Number","0"
"Rwanda","2001","Not applicable","Not applicable","Number","0"
"Rwanda","2000","Not applicable","Not applicable","Number","0"
"Rwanda","1998","Not applicable","Not applicable","Number","0.142542815585517"
"Rwanda","1997","Not applicable","Not applicable","Number","0.157150496902014"
"Rwanda","1996","Not applicable","Not applicable","Number","0.170385123197815"
"Saint Kitts and Nevis","2004","Not applicable","Not applicable","Number","23.4027615258601"
"Saint Kitts and Nevis","2003","Not applicable","Not applicable","Number","23.7304224015187"
"Saint Kitts and Nevis","2002","Not applicable","Not applicable","Number","24.062755666779"
"Saint Kitts and Nevis","2001","Not applicable","Not applicable","Number","24.3985751232128"
"Saint Kitts and Nevis","1996","Not applicable","Not applicable","Number","0"
"Saint Lucia","1996","Not applicable","Not applicable","Number","0"
"Saint Vincent and the Grenadines","2005","Not applicable","Not applicable","Number","25.1810940345988"
"Saint Vincent and the Grenadines","2004","Not applicable","Not applicable","Number","0"
"Saint Vincent and the Grenadines","2003","Not applicable","Not applicable","Number","0"
"Saint Vincent and the Grenadines","2002","Not applicable","Not applicable","Number","0"
"Saint Vincent and the Grenadines","2001","Not applicable","Not applicable","Number","0"
"Saint Vincent and the Grenadines","2000","Not applicable","Not applicable","Number","0"
"Saint Vincent and the Grenadines","1996","Not applicable","Not applicable","Number","8.80328186347871"
"Samoa","2004","Not applicable","Not applicable","Number","10.9584237403292"
"Samoa","2003","Not applicable","Not applicable","Number","11.0304053122432"
"Samoa","2002","Not applicable","Not applicable","Number","11.1008120243996"
"Samoa","2001","Not applicable","Not applicable","Number","11.1781177167577"
"Sao Tome and Principe","2004","Not applicable","Not applicable","Number","6.6613375965894"
"Sao Tome and Principe","2003","Not applicable","Not applicable","Number","6.77470055823533"
"Sao Tome and Principe","2002","Not applicable","Not applicable","Number","6.89151378991909"
"Sao Tome and Principe","2001","Not applicable","Not applicable","Number","7.01218015693259"
"Saudi Arabia","2004","Not applicable","Not applicable","Number","0.520675752082497"
"Saudi Arabia","2003","Not applicable","Not applicable","Number","0.489306190955478"
"Saudi Arabia","2002","Not applicable","Not applicable","Number","0.456278358270314"
"Saudi Arabia","2001","Not applicable","Not applicable","Number","0.468223387692664"
"Saudi Arabia","1996","Not applicable","Not applicable","Number","0.695169582074207"
"Senegal","2004","Not applicable","Not applicable","Number","1.13315079726747"
"Senegal","2003","Not applicable","Not applicable","Number","0.983985017665215"
"Senegal","2002","Not applicable","Not applicable","Number","0.918197592816463"
"Senegal","2001","Not applicable","Not applicable","Number","0.848346873577841"
"Senegal","2000","Not applicable","Not applicable","Number","0.774180537159359"
"Senegal","1998","Not applicable","Not applicable","Number","0.510022243090066"
"Senegal","1997","Not applicable","Not applicable","Number","0.418924626766959"
"Senegal","1996","Not applicable","Not applicable","Number","0.107541740982491"
"Seychelles","2004","Not applicable","Not applicable","Number","12.1250333438417"
"Seychelles","2003","Not applicable","Not applicable","Number","12.0800666819681"
"Seychelles","2002","Not applicable","Not applicable","Number","12.3730218631296"
"Seychelles","2001","Not applicable","Not applicable","Number","12.3149676116352"
"Seychelles","1998","Not applicable","Not applicable","Number","63.4147578824544"
"Sierra Leone","1996","Not applicable","Not applicable","Number","0.239688424223583"
"Singapore","2004","Not applicable","Not applicable","Number","2.57363099793478"
"Singapore","2003","Not applicable","Not applicable","Number","2.60607001088627"
"Singapore","2002","Not applicable","Not applicable","Number","2.40167252474623"
"Singapore","2001","Not applicable","Not applicable","Number","2.44072932897517"
"Singapore","2000","Not applicable","Not applicable","Number","2.73807159111331"
"Singapore","1999","Not applicable","Not applicable","Number","2.03915587103563"
"Singapore","1998","Not applicable","Not applicable","Number","2.0960422268667"
"Singapore","1997","Not applicable","Not applicable","Number","2.16054350632445"
"Singapore","1996","Not applicable","Not applicable","Number","2.22956367996174"
"Slovakia","2004","Not applicable","Not applicable","Number","2.41335140252845"
"Slovakia","2003","Not applicable","Not applicable","Number","3.89828737097829"
"Slovakia","2002","Not applicable","Not applicable","Number","2.96982931834064"
"Slovakia","2001","Not applicable","Not applicable","Number","2.96964576580483"
"Slovakia","2000","Not applicable","Not applicable","Number","2.96981608857031"
"Slovakia","1999","Not applicable","Not applicable","Number","4.45543286201042"
"Slovakia","1998","Not applicable","Not applicable","Number","3.52827485186817"
"Slovakia","1997","Not applicable","Not applicable","Number","3.71639035923744"
"Slovakia","1996","Not applicable","Not applicable","Number","3.53504485320726"
"Slovenia","2004","Not applicable","Not applicable","Number","2.50349738584803"
"Slovenia","2003","Not applicable","Not applicable","Number","2.50721325252752"
"Slovenia","2002","Not applicable","Not applicable","Number","3.01387588457257"
"Slovenia","2001","Not applicable","Not applicable","Number","3.0193616566231"
"Slovenia","2000","Not applicable","Not applicable","Number","2.52063390918055"
"Slovenia","1999","Not applicable","Not applicable","Number","2.5249043944951"
"Slovenia","1998","Not applicable","Not applicable","Number","2.52908702993124"
"Slovenia","1997","Not applicable","Not applicable","Number","2.53357878644616"
"Slovenia","1996","Not applicable","Not applicable","Number","3.55450838610086"
"Solomon Islands","2004","Not applicable","Not applicable","Number","2.16985635550927"
"Solomon Islands","2003","Not applicable","Not applicable","Number","2.22537731272337"
"Solomon Islands","2002","Not applicable","Not applicable","Number","2.28341260580763"
"Solomon Islands","2001","Not applicable","Not applicable","Number","2.34400088134433"
"Somalia","1996","Not applicable","Not applicable","Number","0.317455983934188"
"South Africa","2004","Not applicable","Not applicable","Number","0.378621156403667"
"South Africa","2003","Not applicable","Not applicable","Number","0.382256778612546"
"South Africa","2002","Not applicable","Not applicable","Number","0.3864252750983"
"South Africa","2001","Not applicable","Not applicable","Number","0.369427477159549"
"South Africa","2000","Not applicable","Not applicable","Number","0.352436259699707"
"South Africa","1999","Not applicable","Not applicable","Number","0.402427559294515"
"South Africa","1998","Not applicable","Not applicable","Number","0.386281648083831"
"South Africa","1997","Not applicable","Not applicable","Number","0.393192814701988"
"South Africa","1996","Not applicable","Not applicable","Number","0.400932616434369"
"Spain","2004","Not applicable","Not applicable","Number","3.5284127304477"
"Spain","2003","Not applicable","Not applicable","Number","3.4439088546008"
"Spain","2002","Not applicable","Not applicable","Number","3.2859527934223"
"Spain","2001","Not applicable","Not applicable","Number","3.48534578999191"
"Spain","2000","Not applicable","Not applicable","Number","3.4551820260735"
"Spain","1996","Not applicable","Not applicable","Number","2.20404780726631"
"Sri Lanka","2004","Not applicable","Not applicable","Number","0.63024905551927"
"Sri Lanka","2003","Not applicable","Not applicable","Number","0.685525544712006"
"Sri Lanka","2002","Not applicable","Not applicable","Number","0.688298439426243"
"Sri Lanka","2001","Not applicable","Not applicable","Number","0.691293446197801"
"Sri Lanka","2000","Not applicable","Not applicable","Number","0.694677822052505"
"Sri Lanka","1998","Not applicable","Not applicable","Number","0.486526565756011"
"Sri Lanka","1997","Not applicable","Not applicable","Number","0.489840143934628"
"Sri Lanka","1996","Not applicable","Not applicable","Number","0.493575998693449"
"Suriname","2005","Not applicable","Not applicable","Number","8.84040418327926"
"Suriname","2004","Not applicable","Not applicable","Number","6.67290954426252"
"Suriname","2003","Not applicable","Not applicable","Number","6.71730018271056"
"Suriname","2002","Not applicable","Not applicable","Number","6.76461834023324"
"Suriname","2001","Not applicable","Not applicable","Number","6.81638477128757"
"Suriname","2000","Not applicable","Not applicable","Number","4.58249989116563"
"Suriname","1998","Not applicable","Not applicable","Number","4.67189295758856"
"Suriname","1997","Not applicable","Not applicable","Number","4.72020957730523"
"Suriname","1996","Not applicable","Not applicable","Number","4.76676231969722"
"Swaziland","2004","Not applicable","Not applicable","Number","1.79511620684765"
"Swaziland","2003","Not applicable","Not applicable","Number","1.8141609777602"
"Swaziland","2002","Not applicable","Not applicable","Number","1.83604318006351"
"Swaziland","2001","Not applicable","Not applicable","Number","1.86121999248067"
"Swaziland","2000","Not applicable","Not applicable","Number","0.945014340592618"
"Swaziland","1996","Not applicable","Not applicable","Number","3.06667879708502"
"Sweden","2004","Not applicable","Not applicable","Number","10.3359873852052"
"Sweden","2003","Not applicable","Not applicable","Number","10.2708707722389"
"Sweden","2002","Not applicable","Not applicable","Number","10.4260452026235"
"Sweden","2001","Not applicable","Not applicable","Number","10.6869696591307"
"Sweden","2000","Not applicable","Not applicable","Number","10.1492068733135"
"Sweden","1999","Not applicable","Not applicable","Number","10.6130408529814"
"Sweden","1998","Not applicable","Not applicable","Number","10.6152065544158"
"Sweden","1997","Not applicable","Not applicable","Number","10.6149704056884"
"Sweden","1996","Not applicable","Not applicable","Number","10.6236584805727"
"Switzerland","2004","Not applicable","Not applicable","Number","12.9868952757057"
"Switzerland","2003","Not applicable","Not applicable","Number","13.7265654570301"
"Switzerland","2002","Not applicable","Not applicable","Number","13.92717154302"
"Switzerland","2001","Not applicable","Not applicable","Number","13.9883559279567"
"Switzerland","2000","Not applicable","Not applicable","Number","14.8694094118405"
"Switzerland","1999","Not applicable","Not applicable","Number","11.1889812018209"
"Switzerland","1998","Not applicable","Not applicable","Number","10.251285324163"
"Switzerland","1997","Not applicable","Not applicable","Number","10.8372829208867"
"Switzerland","1996","Not applicable","Not applicable","Number","12.2729778037618"
"Syrian Arab Republic","2004","Not applicable","Not applicable","Number","0.217518682815616"
"Syrian Arab Republic","2003","Not applicable","Not applicable","Number","0.223547811064544"
"Syrian Arab Republic","2002","Not applicable","Not applicable","Number","0.229735148685163"
"Syrian Arab Republic","2001","Not applicable","Not applicable","Number","0.235997362021487"
"Syrian Arab Republic","1996","Not applicable","Not applicable","Number","0.534134249836488"
"Tajikistan","1996","Not applicable","Not applicable","Number","0.341586169039381"
"Thailand","1998","Not applicable","Not applicable","Number","0.571665779099499"
"Thailand","1996","Not applicable","Not applicable","Number","0.515688073485963"
"The former Yugoslav Republic of Macedonia","2004","Not applicable","Not applicable","Number","4.92536107822064"
"The former Yugoslav Republic of Macedonia","2003","Not applicable","Not applicable","Number","4.44154482851195"
"The former Yugoslav Republic of Macedonia","2002","Not applicable","Not applicable","Number","4.45199634936299"
"The former Yugoslav Republic of Macedonia","2001","Not applicable","Not applicable","Number","3.96843309891468"
"The former Yugoslav Republic of Macedonia","2000","Not applicable","Not applicable","Number","2.98616806950207"
"The former Yugoslav Republic of Macedonia","1999","Not applicable","Not applicable","Number","2.49809894670156"
"The former Yugoslav Republic of Macedonia","1998","Not applicable","Not applicable","Number","2.00727436228894"
"The former Yugoslav Republic of Macedonia","1997","Not applicable","Not applicable","Number","2.01689349995563"
"The former Yugoslav Republic of Macedonia","1996","Not applicable","Not applicable","Number","1.52021428940623"
"Timor-Leste","2004","Not applicable","Not applicable","Number","1.9736264300157"
"Timor-Leste","2003","Not applicable","Not applicable","Number","2.09663165641239"
"Timor-Leste","2002","Not applicable","Not applicable","Number","2.23258139991784"
"Timor-Leste","2001","Not applicable","Not applicable","Number","2.35687021776302"
"Timor-Leste","2000","Not applicable","Not applicable","Number","1.22171276799797"
"Timor-Leste","1999","Not applicable","Not applicable","Number","2.47284201259666"
"Togo","2004","Not applicable","Not applicable","Number","0.164721769283113"
"Togo","2003","Not applicable","Not applicable","Number","0.169293738688004"
"Togo","2002","Not applicable","Not applicable","Number","0.174108499193442"
"Togo","2001","Not applicable","Not applicable","Number","0.179325588739357"
"Togo","2000","Not applicable","Not applicable","Number","0.185081025696835"
"Togo","1999","Not applicable","Not applicable","Number","0.191532831504546"
"Togo","1996","Not applicable","Not applicable","Number","0.214071887052247"
"Tonga","1996","Not applicable","Not applicable","Number","10.2355192990716"
"Trinidad and Tobago","2004","Not applicable","Not applicable","Number","2.27420378230412"
"Trinidad and Tobago","2003","Not applicable","Not applicable","Number","2.28200049291211"
"Trinidad and Tobago","2002","Not applicable","Not applicable","Number","2.2898595858102"
"Trinidad and Tobago","2001","Not applicable","Not applicable","Number","2.298029975503"
"Trinidad and Tobago","2000","Not applicable","Not applicable","Number","2.30672525748821"
"Trinidad and Tobago","1996","Not applicable","Not applicable","Number","3.13130174476133"
"Tunisia","2004","Not applicable","Not applicable","Number","1.00043038515169"
"Tunisia","2003","Not applicable","Not applicable","Number","0.809081944830725"
"Tunisia","2002","Not applicable","Not applicable","Number","0.715726588762213"
"Tunisia","2001","Not applicable","Not applicable","Number","0.827090351970367"
"Tunisia","2000","Not applicable","Not applicable","Number","0.731949600041826"
"Tunisia","1996","Not applicable","Not applicable","Number","0.878705859584122"
"Turkey","2004","Not applicable","Not applicable","Number","8.16385716593254"
"Turkey","2000","Not applicable","Not applicable","Number","7.95206320241146"
"Turkey","1999","Not applicable","Not applicable","Number","8.34390961126157"
"Turkey","1998","Not applicable","Not applicable","Number","14.5368674416523"
"Turkey","1997","Not applicable","Not applicable","Number","15.0905649476357"
"Turkey","1996","Not applicable","Not applicable","Number","14.5684505384499"
"Turkmenistan","2004","Not applicable","Not applicable","Number","0.419638582074802"
"Turkmenistan","2003","Not applicable","Not applicable","Number","0.425734455796417"
"Turkmenistan","2002","Not applicable","Not applicable","Number","0.431973653062952"
"Turkmenistan","2001","Not applicable","Not applicable","Number","0.438176764012017"
"Turkmenistan","2000","Not applicable","Not applicable","Number","0.444233186884459"
"Turkmenistan","1999","Not applicable","Not applicable","Number","0.449987692836601"
"Uganda","2004","Not applicable","Not applicable","Number","0.249753894296517"
"Uganda","2003","Not applicable","Not applicable","Number","0.257930173732922"
"Uganda","2002","Not applicable","Not applicable","Number","0.228271492873878"
"Uganda","2001","Not applicable","Not applicable","Number","0.235594431254428"
"Uganda","2000","Not applicable","Not applicable","Number","0.243016761473581"
"Uganda","1999","Not applicable","Not applicable","Number","0.166995431965205"
"Uganda","1998","Not applicable","Not applicable","Number","0.172025704596858"
"Uganda","1996","Not applicable","Not applicable","Number","0.0912924486492529"
"Ukraine","2004","Not applicable","Not applicable","Number","1.1632383107927"
"Ukraine","2003","Not applicable","Not applicable","Number","1.21723321002551"
"Ukraine","2002","Not applicable","Not applicable","Number","1.37421683954904"
"Ukraine","2001","Not applicable","Not applicable","Number","2.0029921812271"
"Ukraine","2000","Not applicable","Not applicable","Number","1.24860741893462"
"Ukraine","1999","Not applicable","Not applicable","Number","1.35867931341595"
"Ukraine","1998","Not applicable","Not applicable","Number","0.82344180559017"
"Ukraine","1997","Not applicable","Not applicable","Number","1.05452650128561"
"Ukraine","1996","Not applicable","Not applicable","Number","0.868231743839116"
"United Arab Emirates","2004","Not applicable","Not applicable","Number","2.28013829798823"
"United Arab Emirates","2003","Not applicable","Not applicable","Number","2.38168452841852"
"United Arab Emirates","2002","Not applicable","Not applicable","Number","2.49796693246885"
"United Arab Emirates","2001","Not applicable","Not applicable","Number","2.33619887593791"
"United Arab Emirates","2000","Not applicable","Not applicable","Number","2.46364658497009"
"United Arab Emirates","1996","Not applicable","Not applicable","Number","2.71635158281807"
"United Kingdom of Great Britain and Northern Ireland","2004","Not applicable","Not applicable","Number","1.81772858370527"
"United Kingdom of Great Britain and Northern Ireland","2003","Not applicable","Not applicable","Number","1.79301333418772"
"United Kingdom of Great Britain and Northern Ireland","2002","Not applicable","Not applicable","Number","1.80170068083911"
"United Kingdom of Great Britain and Northern Ireland","2001","Not applicable","Not applicable","Number","1.82693023044796"
"United Kingdom of Great Britain and Northern Ireland","2000","Not applicable","Not applicable","Number","1.83462590372525"
"United Kingdom of Great Britain and Northern Ireland","1999","Not applicable","Not applicable","Number","1.80739178224653"
"United Kingdom of Great Britain and Northern Ireland","1998","Not applicable","Not applicable","Number","1.67653633341641"
"United Kingdom of Great Britain and Northern Ireland","1997","Not applicable","Not applicable","Number","1.6987025670124"
"United Kingdom of Great Britain and Northern Ireland","1996","Not applicable","Not applicable","Number","1.70344575243651"
"United Republic of Tanzania","2004","Not applicable","Not applicable","Number","0.373253695924771"
"United Republic of Tanzania","2003","Not applicable","Not applicable","Number","0.355668299366555"
"United Republic of Tanzania","2002","Not applicable","Not applicable","Number","0.336935586563862"
"United Republic of Tanzania","2001","Not applicable","Not applicable","Number","0.316891577102544"
"United Republic of Tanzania","2000","Not applicable","Not applicable","Number","0.265888672471922"
"United Republic of Tanzania","1996","Not applicable","Not applicable","Number","0.0976705921888465"
"United States of America","2004","Not applicable","Not applicable","Number","5.0059984393143"
"United States of America","2003","Not applicable","Not applicable","Number","5.05042017556009"
"United States of America","2002","Not applicable","Not applicable","Number","5.07853282238915"
"United States of America","2001","Not applicable","Not applicable","Number","5.16612257760834"
"United States of America","2000","Not applicable","Not applicable","Number","5.24473558086331"
"United States of America","1999","Not applicable","Not applicable","Number","5.26076656761633"
"United States of America","1998","Not applicable","Not applicable","Number","5.33766489320331"
"United States of America","1997","Not applicable","Not applicable","Number","5.4665444653074"
"United States of America","1996","Not applicable","Not applicable","Number","5.56494678971784"
"Uruguay","1996","Not applicable","Not applicable","Number","11.1051609384601"
"Uzbekistan","2004","Not applicable","Not applicable","Number","0.190775471768664"
"Uzbekistan","2003","Not applicable","Not applicable","Number","0.154872829660563"
"Uzbekistan","2002","Not applicable","Not applicable","Number","0.117871013749654"
"Uzbekistan","2001","Not applicable","Not applicable","Number","0.119601773933511"
"Uzbekistan","1996","Not applicable","Not applicable","Number","0.128645265440423"
"Vanuatu","2004","Not applicable","Not applicable","Number","4.76376489867472"
"Vanuatu","2003","Not applicable","Not applicable","Number","4.89093221167955"
"Vanuatu","2002","Not applicable","Not applicable","Number","5.02131548423056"
"Vanuatu","2001","Not applicable","Not applicable","Number","5.1495692385332"
"Vanuatu","1996","Not applicable","Not applicable","Number","0"
"Venezuela (Bolivarian Republic of)","2004","Not applicable","Not applicable","Number","3.50338510778012"
"Venezuela (Bolivarian Republic of)","1996","Not applicable","Not applicable","Number","3.81479456288864"
"Viet Nam","1999","Not applicable","Not applicable","Number","0.0641317621427848"
"Viet Nam","1996","Not applicable","Not applicable","Number","0.134093550794811"
"Yemen","2004","Not applicable","Not applicable","Number","0.292998507660934"
"Yemen","2003","Not applicable","Not applicable","Number","0.301848839232743"
"Yemen","2002","Not applicable","Not applicable","Number","0.207311535803765"
"Yemen","2001","Not applicable","Not applicable","Number","0.213563993836757"
"Yemen","2000","Not applicable","Not applicable","Number","0.165000773028622"
"Yemen","1996","Not applicable","Not applicable","Number","0.186343262551259"
"Zambia","2004","Not applicable","Not applicable","Number","0.266198276011232"
"Zambia","2003","Not applicable","Not applicable","Number","0.271034832673936"
"Zambia","2002","Not applicable","Not applicable","Number","0.275997771042001"
"Zambia","2001","Not applicable","Not applicable","Number","0.281283165043178"
"Zambia","2000","Not applicable","Not applicable","Number","0.287057166477847"
"Zambia","1996","Not applicable","Not applicable","Number","0.315846126505217"
"Zimbabwe","2004","Not applicable","Not applicable","Number","0.230322157743961"
"Zimbabwe","2003","Not applicable","Not applicable","Number","0.231814912174216"
"Zimbabwe","2002","Not applicable","Not applicable","Number","0.233293828911638"
"Zimbabwe","2001","Not applicable","Not applicable","Number","0.234974773108359"
"Zimbabwe","2000","Not applicable","Not applicable","Number","0.237032654566624"
"Zimbabwe","1996","Not applicable","Not applicable","Number","0.166646696837496"

